country_code,country_name,existing_before,official_found,osm_found,other_found,duplicates_merged,new_candidates,high_confidence,medium_confidence,low_confidence,with_speed_limit,with_direction,with_raw_direction,average_speed_sections,final_total,quarantined,production_published
UA,Ukraine,426,0,450,0,30,420,426,421,0,815,25,382,0,847,0,426
PL,Poland,897,0,1760,0,25,1735,897,1290,445,1971,389,953,459,2632,0,897
FR,France,0,3309,4064,0,751,6622,3190,3090,374,5355,1604,1662,40,6654,58,6221
ES,Spain,0,737,2969,0,36,3670,721,2492,457,2641,1500,2297,351,3670,15,3213
DE,Germany,0,0,5819,0,0,5819,0,5805,14,4634,2073,2560,16,5819,0,5793
GB,United Kingdom,0,0,3627,0,0,3627,0,3415,212,2094,1001,1116,35,3627,0,3415
IE,Ireland,0,0,25,0,0,25,0,15,10,23,9,9,5,25,0,15
PT,Portugal,0,0,338,0,0,338,0,328,10,283,55,197,10,338,0,328
IT,Italy,0,0,6084,0,0,6084,0,6013,71,3694,685,957,53,6084,0,6010
AT,Austria,0,0,1526,0,0,1526,0,1500,26,1193,386,439,9,1526,0,1500
CH,Switzerland,0,0,728,0,0,728,0,710,18,378,197,237,9,728,0,710
BE,Belgium,0,0,1969,0,0,1969,0,1689,280,1332,477,562,121,1969,0,1689
NL,Netherlands,0,0,1023,0,0,1023,0,645,379,908,300,316,66,1024,0,645
LU,Luxembourg,0,0,52,0,0,52,0,37,17,53,1,6,9,54,0,37
DK,Denmark,0,0,24,0,0,24,0,24,0,21,14,16,0,24,0,24
SE,Sweden,0,0,2471,0,0,2471,0,2471,0,972,2383,2385,0,2471,0,2471
NO,Norway,0,461,388,0,157,692,387,138,167,385,15,465,47,692,74,525
FI,Finland,0,0,951,0,0,951,0,951,3,622,362,421,0,954,0,951
IS,Iceland,0,0,28,0,0,28,0,20,8,20,4,4,4,28,0,20
CZ,Czech Republic,0,0,1318,0,0,1318,0,1318,0,989,419,752,0,1318,0,1318
SK,Slovakia,0,0,68,0,0,68,0,68,0,27,6,12,0,68,0,68
HU,Hungary,0,0,540,0,0,540,0,540,0,310,90,137,0,540,0,540
RO,Romania,0,0,336,0,0,336,0,336,0,286,127,260,0,336,0,330
BG,Bulgaria,0,0,77,0,0,77,0,77,0,61,14,16,0,77,0,77
HR,Croatia,0,0,966,0,0,966,0,965,1,951,130,430,1,966,0,965
SI,Slovenia,0,0,278,0,0,278,0,277,1,275,85,170,2,278,0,277
RS,Serbia,0,0,458,0,0,458,0,426,32,417,143,364,0,458,0,426
BA,Bosnia and Herzegovina,0,0,246,0,0,246,0,246,0,165,73,89,0,246,0,246
ME,Montenegro,0,0,13,0,0,13,0,13,0,0,0,0,0,13,0,13
MK,North Macedonia,0,0,164,0,0,164,0,164,3,74,10,23,0,167,0,164
AL,Albania,0,0,2,0,0,2,0,2,0,1,0,0,0,2,0,2
GR,Greece,0,0,413,0,0,413,0,413,0,78,37,47,0,413,0,411
LT,Lithuania,0,0,556,0,0,556,0,370,188,244,42,44,180,558,0,370
LV,Latvia,0,0,137,0,0,137,0,135,4,96,5,48,0,139,0,135
EE,Estonia,0,0,85,0,0,85,0,85,0,83,19,19,0,85,0,85
MD,Moldova,0,0,79,0,0,79,0,79,0,27,6,7,0,79,0,79
CY,Cyprus,0,0,74,0,0,74,0,74,0,64,8,35,0,74,0,74
MT,Malta,0,0,22,0,0,22,0,22,0,19,7,7,0,22,0,22
XK,Kosovo,0,0,0,0,0,0,0,0,0,0,0,0,0,0,0,0
TR,Turkey,0,0,692,0,0,692,0,659,33,318,190,203,8,692,0,659
AD,Andorra,0,0,11,0,0,11,0,11,0,8,0,0,0,11,0,11
LI,Liechtenstein,0,0,8,0,0,8,0,8,0,5,0,0,0,8,0,8
MC,Monaco,0,0,6,0,0,6,0,6,0,0,6,6,0,6,0,6
SM,San Marino,0,0,0,0,0,0,0,0,0,0,0,0,0,0,0,0
VA,Vatican City,0,0,0,0,0,0,0,0,0,0,0,0,0,0,0,0
US,USA,0,1335,1626,0,34,2927,1334,1594,6,788,1668,1877,0,2934,1,2771
CA,Canada,0,614,899,0,36,1477,601,721,163,261,302,311,0,1485,13,1114
