country,before,after,published_added,canonical_added
AD,11,11,0,0
AE,0,1122,1122,1122
AL,2,8,6,6
AM,280,280,0,0
AO,0,60,60,60
AR,0,1130,1130,1130
AT,1500,1501,1,1
AU,0,1104,1104,1626
AZ,691,691,0,0
BA,246,246,0,0
BD,0,1,1,1
BE,1689,1689,0,3
BG,77,77,0,0
BH,0,18,18,18
BN,0,2,2,2
BO,0,53,53,53
BR,0,8928,8928,9073
BW,0,4,4,4
BY,569,569,0,0
CA,1312,1343,31,37
CH,710,710,0,0
CI,0,23,23,23
CL,0,21,21,21
CN,0,387,387,387
CO,0,489,489,489
CR,0,1,1,1
CU,0,21,21,21
CY,74,74,0,0
CZ,1937,1937,0,0
DE,5794,5794,0,1
DK,24,24,0,0
DZ,0,132,132,132
EC,0,331,331,331
EE,85,88,3,3
EG,0,588,588,588
ES,3283,3283,0,44
FI,951,951,0,0
FR,6222,6309,87,93
GB,3662,3663,1,2
GE,208,208,0,0
GR,411,411,0,0
GT,0,18,18,18
HK,0,41,41,388
HR,965,965,0,0
HU,540,540,0,0
ID,0,408,408,408
IE,15,15,0,68
IL,0,148,148,148
IN,0,426,426,426
IQ,0,305,305,305
IR,0,2709,2709,2710
IS,20,20,0,0
IT,6023,6024,1,35
JO,0,46,46,46
JP,0,181,181,181
KE,0,5,5,5
KG,0,103,103,103
KH,0,2,2,2
KR,0,29418,29418,30760
KW,0,59,59,59
KZ,0,248,248,248
LB,0,1,1,1
LI,8,8,0,0
LK,0,4,4,4
LT,370,370,0,0
LU,37,37,0,0
LV,155,184,29,29
MA,0,127,127,127
MC,6,6,0,0
MD,79,81,2,2
ME,13,13,0,0
MK,164,164,0,0
MM,0,13,13,13
MN,0,64,64,64
MT,22,22,0,0
MU,0,61,61,122
MX,0,131,131,131
MY,0,73,73,73
NA,0,1,1,1
NL,645,645,0,0
NO,525,525,0,0
NP,0,25,25,25
NZ,0,70,70,77
OM,0,459,459,459
PA,0,16,16,16
PE,0,69,69,69
PG,0,1,1,1
PH,0,43,43,43
PK,0,1,1,1
PL,897,897,0,0
PS,0,3,3,3
PT,341,341,0,0
PY,0,20,20,20
QA,0,156,156,156
RO,330,330,0,0
RS,426,426,0,0
RU,10660,10660,0,0
RW,0,6,6,6
SA,0,297,297,297
SE,2471,2855,384,1038
SG,0,152,152,405
SI,277,277,0,0
SK,68,68,0,2
SN,0,5,5,5
SV,0,81,81,81
SY,0,8,8,8
TH,0,23,23,23
TJ,0,1,1,1
TM,0,213,213,213
TN,0,16,16,16
TR,659,659,0,0
TT,0,1,1,1
TW,0,1620,1620,3192
TZ,0,1,1,1
UA,426,426,0,18
UG,0,6,6,6
US,3390,3588,198,206
UY,0,207,207,207
UZ,0,443,443,443
VE,0,29,29,29
VN,0,42,42,42
ZA,0,171,171,171
