country_code,supabase_published,r2_records,trip_render_records
AD,11,11,11
AL,2,2,2
AM,280,280,280
AT,1500,1500,1500
AZ,691,691,691
BA,246,246,246
BE,1689,1689,1689
BG,77,77,77
BY,569,569,569
CA,1312,1312,1312
CH,710,710,710
CY,74,74,74
CZ,1937,1937,1937
DE,5794,5794,5794
DK,24,24,24
EE,85,85,85
ES,3283,3283,3283
FI,951,951,951
FR,6222,6222,6222
GB,3662,3662,3662
GE,208,208,208
GR,411,411,411
HR,965,965,965
HU,540,540,540
IE,15,15,15
IS,20,20,20
IT,6023,6023,6023
LI,8,8,8
LT,370,370,370
LU,37,37,37
LV,155,155,155
MC,6,6,6
MD,79,79,79
ME,13,13,13
MK,164,164,164
MT,22,22,22
NL,645,645,645
NO,525,525,525
PL,897,897,796
PT,341,341,341
RO,330,330,330
RS,426,426,426
RU,10660,10660,10660
SE,2471,2471,2471
SI,277,277,277
SK,68,68,68
TR,659,659,659
UA,426,426,426
US,3390,3390,3390
