country_code,before,after,added,published_before,published_after,published_added
AD,11,11,0,11,11,0
AL,2,2,0,2,2,0
AM,0,280,280,0,280,280
AT,1526,1526,0,1500,1500,0
AZ,0,691,691,0,691,691
BA,246,246,0,246,246,0
BE,1969,2094,125,1689,1689,0
BG,77,77,0,77,77,0
BY,0,571,571,0,569,569
CA,1485,1697,212,1114,1312,198
CH,728,728,0,710,710,0
CY,74,141,67,74,74,0
CZ,1318,2013,695,1318,1937,619
DE,5819,5825,6,5793,5794,1
DK,24,24,0,24,24,0
EE,85,85,0,85,85,0
ES,3670,3740,70,3213,3283,70
FI,954,957,3,951,951,0
FR,6654,6663,9,6221,6222,1
GB,3627,3975,348,3415,3662,247
GE,0,209,209,0,208,208
GR,413,413,0,411,411,0
HR,966,966,0,965,965,0
HU,540,545,5,540,540,0
IE,25,25,0,15,15,0
IS,28,28,0,20,20,0
IT,6084,6109,25,6010,6023,13
LI,8,8,0,8,8,0
LT,558,558,0,370,370,0
LU,54,75,21,37,37,0
LV,139,160,21,135,155,20
MC,6,6,0,6,6,0
MD,79,79,0,79,79,0
ME,13,13,0,13,13,0
MK,167,167,0,164,164,0
MT,22,22,0,22,22,0
NL,1024,1024,0,645,645,0
NO,692,693,1,525,525,0
PL,2632,2634,2,897,897,0
PT,338,353,15,328,341,13
RO,336,336,0,330,330,0
RS,458,458,0,426,426,0
RU,0,10664,10664,0,10660,10660
SE,2471,2494,23,2471,2471,0
SI,278,279,1,277,277,0
SK,68,68,0,68,68,0
TR,692,702,10,659,659,0
UA,847,855,8,426,426,0
US,2934,3845,911,2771,3390,619
